Survey Questions,Country,Survey Responses,Percentage
"If I do not get a Covid-19 vaccine when it is available, I will regret it",Australia,5 - Strongly disagree,0.13038961
"If a Covid-19 vaccine were made available to me this week, I would definitely get it",Australia,5 - Strongly disagree,0.166233766
"If a Covid-19 vaccine becomes available to me in 2021, I definitely intend to get it",Australia,5 - Strongly disagree,0.113246753
I believe government health authorities in my country will provide me with an effective Covid-19 vaccine,Australia,5 - Strongly disagree,0.067532468
I am worried about potential side effects of a Covid-19 vaccine,Australia,5 - Strongly disagree,0.103896104
I am worried about getting Covid-19,Australia,5 - Strongly disagree,0.148051948
"If I do not get a Covid-19 vaccine when it is available, I will regret it",Australia,4 - Disagree,0.110649351
"If a Covid-19 vaccine were made available to me this week, I would definitely get it",Australia,4 - Disagree,0.111688312
"If a Covid-19 vaccine becomes available to me in 2021, I definitely intend to get it",Australia,4 - Disagree,0.095584416
I believe government health authorities in my country will provide me with an effective Covid-19 vaccine,Australia,4 - Disagree,0.086753247
I am worried about potential side effects of a Covid-19 vaccine,Australia,4 - Disagree,0.153766234
I am worried about getting Covid-19,Australia,4 - Disagree,0.202077922
"If I do not get a Covid-19 vaccine when it is available, I will regret it",Australia,3 - Neutral,0.292467532
"If a Covid-19 vaccine were made available to me this week, I would definitely get it",Australia,3 - Neutral,0.22961039
"If a Covid-19 vaccine becomes available to me in 2021, I definitely intend to get it",Australia,3 - Neutral,0.189090909
I believe government health authorities in my country will provide me with an effective Covid-19 vaccine,Australia,3 - Neutral,0.275844156
I am worried about potential side effects of a Covid-19 vaccine,Australia,3 - Neutral,0.250909091
I am worried about getting Covid-19,Australia,3 - Neutral,0.299220779
"If I do not get a Covid-19 vaccine when it is available, I will regret it",Australia,2 - Agree,0.167792208
"If a Covid-19 vaccine were made available to me this week, I would definitely get it",Australia,2 - Agree,0.136623377
"If a Covid-19 vaccine becomes available to me in 2021, I definitely intend to get it",Australia,2 - Agree,0.136623377
I believe government health authorities in my country will provide me with an effective Covid-19 vaccine,Australia,2 - Agree,0.277402597
I am worried about potential side effects of a Covid-19 vaccine,Australia,2 - Agree,0.206753247
I am worried about getting Covid-19,Australia,2 - Agree,0.178701299
"If I do not get a Covid-19 vaccine when it is available, I will regret it",Australia,1 - Strongly agree,0.298701299
"If a Covid-19 vaccine were made available to me this week, I would definitely get it",Australia,1 - Strongly agree,0.355844156
"If a Covid-19 vaccine becomes available to me in 2021, I definitely intend to get it",Australia,1 - Strongly agree,0.465454545
I believe government health authorities in my country will provide me with an effective Covid-19 vaccine,Australia,1 - Strongly agree,0.292467532
I am worried about potential side effects of a Covid-19 vaccine,Australia,1 - Strongly agree,0.284675325
I am worried about getting Covid-19,Australia,1 - Strongly agree,0.171948052
"If I do not get a Covid-19 vaccine when it is available, I will regret it",Canada,5 - Strongly disagree,0.179096905
"If a Covid-19 vaccine were made available to me this week, I would definitely get it",Canada,5 - Strongly disagree,0.208016235
"If a Covid-19 vaccine becomes available to me in 2021, I definitely intend to get it",Canada,5 - Strongly disagree,0.152207002
I believe government health authorities in my country will provide me with an effective Covid-19 vaccine,Canada,5 - Strongly disagree,0.088787418
I am worried about potential side effects of a Covid-19 vaccine,Canada,5 - Strongly disagree,0.130898021
I am worried about getting Covid-19,Canada,5 - Strongly disagree,0.129883308
"If I do not get a Covid-19 vaccine when it is available, I will regret it",Canada,4 - Disagree,0.106544901
"If a Covid-19 vaccine were made available to me this week, I would definitely get it",Canada,4 - Disagree,0.079147641
"If a Covid-19 vaccine becomes available to me in 2021, I definitely intend to get it",Canada,4 - Disagree,0.069000507
I believe government health authorities in my country will provide me with an effective Covid-19 vaccine,Canada,4 - Disagree,0.092846271
I am worried about potential side effects of a Covid-19 vaccine,Canada,4 - Disagree,0.143581938
I am worried about getting Covid-19,Canada,4 - Disagree,0.152714358
"If I do not get a Covid-19 vaccine when it is available, I will regret it",Canada,3 - Neutral,0.208016235
"If a Covid-19 vaccine were made available to me this week, I would definitely get it",Canada,3 - Neutral,0.165905632
"If a Covid-19 vaccine becomes available to me in 2021, I definitely intend to get it",Canada,3 - Neutral,0.150177575
I believe government health authorities in my country will provide me with an effective Covid-19 vaccine,Canada,3 - Neutral,0.231861999
I am worried about potential side effects of a Covid-19 vaccine,Canada,3 - Neutral,0.235920852
I am worried about getting Covid-19,Canada,3 - Neutral,0.270421106
"If I do not get a Covid-19 vaccine when it is available, I will regret it",Canada,2 - Agree,0.127346525
"If a Covid-19 vaccine were made available to me this week, I would definitely get it",Canada,2 - Agree,0.094368341
"If a Covid-19 vaccine becomes available to me in 2021, I definitely intend to get it",Canada,2 - Agree,0.112633181
I believe government health authorities in my country will provide me with an effective Covid-19 vaccine,Canada,2 - Agree,0.240487062
I am worried about potential side effects of a Covid-19 vaccine,Canada,2 - Agree,0.167427702
I am worried about getting Covid-19,Canada,2 - Agree,0.190766109
"If I do not get a Covid-19 vaccine when it is available, I will regret it",Canada,1 - Strongly agree,0.378995434
"If a Covid-19 vaccine were made available to me this week, I would definitely get it",Canada,1 - Strongly agree,0.452562151
"If a Covid-19 vaccine becomes available to me in 2021, I definitely intend to get it",Canada,1 - Strongly agree,0.515981735
I believe government health authorities in my country will provide me with an effective Covid-19 vaccine,Canada,1 - Strongly agree,0.34601725
I am worried about potential side effects of a Covid-19 vaccine,Canada,1 - Strongly agree,0.322171487
I am worried about getting Covid-19,Canada,1 - Strongly agree,0.256215119
"If I do not get a Covid-19 vaccine when it is available, I will regret it",Denmark,5 - Strongly disagree,0.08195902
"If a Covid-19 vaccine were made available to me this week, I would definitely get it",Denmark,5 - Strongly disagree,0.11994003
"If a Covid-19 vaccine becomes available to me in 2021, I definitely intend to get it",Denmark,5 - Strongly disagree,0.097951024
I believe government health authorities in my country will provide me with an effective Covid-19 vaccine,Denmark,5 - Strongly disagree,0.046476762
I am worried about potential side effects of a Covid-19 vaccine,Denmark,5 - Strongly disagree,0.170914543
I am worried about getting Covid-19,Denmark,5 - Strongly disagree,0.12143928
"If I do not get a Covid-19 vaccine when it is available, I will regret it",Denmark,4 - Disagree,0.048975512
"If a Covid-19 vaccine were made available to me this week, I would definitely get it",Denmark,4 - Disagree,0.060469765
"If a Covid-19 vaccine becomes available to me in 2021, I definitely intend to get it",Denmark,4 - Disagree,0.048975512
I believe government health authorities in my country will provide me with an effective Covid-19 vaccine,Denmark,4 - Disagree,0.059470265
I am worried about potential side effects of a Covid-19 vaccine,Denmark,4 - Disagree,0.228885557
I am worried about getting Covid-19,Denmark,4 - Disagree,0.172413793
"If I do not get a Covid-19 vaccine when it is available, I will regret it",Denmark,3 - Neutral,0.184407796
"If a Covid-19 vaccine were made available to me this week, I would definitely get it",Denmark,3 - Neutral,0.154922539
"If a Covid-19 vaccine becomes available to me in 2021, I definitely intend to get it",Denmark,3 - Neutral,0.136931534
I believe government health authorities in my country will provide me with an effective Covid-19 vaccine,Denmark,3 - Neutral,0.172913543
I am worried about potential side effects of a Covid-19 vaccine,Denmark,3 - Neutral,0.254372814
I am worried about getting Covid-19,Denmark,3 - Neutral,0.308345827
"If I do not get a Covid-19 vaccine when it is available, I will regret it",Denmark,2 - Agree,0.127936032
"If a Covid-19 vaccine were made available to me this week, I would definitely get it",Denmark,2 - Agree,0.070464768
"If a Covid-19 vaccine becomes available to me in 2021, I definitely intend to get it",Denmark,2 - Agree,0.074962519
I believe government health authorities in my country will provide me with an effective Covid-19 vaccine,Denmark,2 - Agree,0.204397801
I am worried about potential side effects of a Covid-19 vaccine,Denmark,2 - Agree,0.180409795
I am worried about getting Covid-19,Denmark,2 - Agree,0.206396802
"If I do not get a Covid-19 vaccine when it is available, I will regret it",Denmark,1 - Strongly agree,0.556721639
"If a Covid-19 vaccine were made available to me this week, I would definitely get it",Denmark,1 - Strongly agree,0.594202899
"If a Covid-19 vaccine becomes available to me in 2021, I definitely intend to get it",Denmark,1 - Strongly agree,0.64117941
I believe government health authorities in my country will provide me with an effective Covid-19 vaccine,Denmark,1 - Strongly agree,0.516741629
I am worried about potential side effects of a Covid-19 vaccine,Denmark,1 - Strongly agree,0.165417291
I am worried about getting Covid-19,Denmark,1 - Strongly agree,0.191404298
"If I do not get a Covid-19 vaccine when it is available, I will regret it",Finland,5 - Strongly disagree,0.128663686
"If a Covid-19 vaccine were made available to me this week, I would definitely get it",Finland,5 - Strongly disagree,0.160457029
"If a Covid-19 vaccine becomes available to me in 2021, I definitely intend to get it",Finland,5 - Strongly disagree,0.118728266
I believe government health authorities in my country will provide me with an effective Covid-19 vaccine,Finland,5 - Strongly disagree,0.068057625
I am worried about potential side effects of a Covid-19 vaccine,Finland,5 - Strongly disagree,0.099354198
I am worried about getting Covid-19,Finland,5 - Strongly disagree,0.108296076
"If I do not get a Covid-19 vaccine when it is available, I will regret it",Finland,4 - Disagree,0.112767014
"If a Covid-19 vaccine were made available to me this week, I would definitely get it",Finland,4 - Disagree,0.092896175
"If a Covid-19 vaccine becomes available to me in 2021, I definitely intend to get it",Finland,4 - Disagree,0.091902633
I believe government health authorities in my country will provide me with an effective Covid-19 vaccine,Finland,4 - Disagree,0.119721808
I am worried about potential side effects of a Covid-19 vaccine,Finland,4 - Disagree,0.192250373
I am worried about getting Covid-19,Finland,4 - Disagree,0.19076006
"If I do not get a Covid-19 vaccine when it is available, I will regret it",Finland,3 - Neutral,0.243914555
"If a Covid-19 vaccine were made available to me this week, I would definitely get it",Finland,3 - Neutral,0.169398907
"If a Covid-19 vaccine becomes available to me in 2021, I definitely intend to get it",Finland,3 - Neutral,0.183805266
I believe government health authorities in my country will provide me with an effective Covid-19 vaccine,Finland,3 - Neutral,0.257824143
I am worried about potential side effects of a Covid-19 vaccine,Finland,3 - Neutral,0.252359662
I am worried about getting Covid-19,Finland,3 - Neutral,0.330352707
"If I do not get a Covid-19 vaccine when it is available, I will regret it",Finland,2 - Agree,0.171385991
"If a Covid-19 vaccine were made available to me this week, I would definitely get it",Finland,2 - Agree,0.136115251
"If a Covid-19 vaccine becomes available to me in 2021, I definitely intend to get it",Finland,2 - Agree,0.14058619
I believe government health authorities in my country will provide me with an effective Covid-19 vaccine,Finland,2 - Agree,0.29657228
I am worried about potential side effects of a Covid-19 vaccine,Finland,2 - Agree,0.22106309
I am worried about getting Covid-19,Finland,2 - Agree,0.221559861
"If I do not get a Covid-19 vaccine when it is available, I will regret it",Finland,1 - Strongly agree,0.343268753
"If a Covid-19 vaccine were made available to me this week, I would definitely get it",Finland,1 - Strongly agree,0.441132638
"If a Covid-19 vaccine becomes available to me in 2021, I definitely intend to get it",Finland,1 - Strongly agree,0.464977645
I believe government health authorities in my country will provide me with an effective Covid-19 vaccine,Finland,1 - Strongly agree,0.257824143
I am worried about potential side effects of a Covid-19 vaccine,Finland,1 - Strongly agree,0.234972678
I am worried about getting Covid-19,Finland,1 - Strongly agree,0.149031297
"If I do not get a Covid-19 vaccine when it is available, I will regret it",France,5 - Strongly disagree,0.299120235
"If a Covid-19 vaccine were made available to me this week, I would definitely get it",France,5 - Strongly disagree,0.356467905
"If a Covid-19 vaccine becomes available to me in 2021, I definitely intend to get it",France,5 - Strongly disagree,0.19257087
I believe government health authorities in my country will provide me with an effective Covid-19 vaccine,France,5 - Strongly disagree,0.141414141
I am worried about potential side effects of a Covid-19 vaccine,France,5 - Strongly disagree,0.110459433
I am worried about getting Covid-19,France,5 - Strongly disagree,0.15868361
"If I do not get a Covid-19 vaccine when it is available, I will regret it",France,4 - Disagree,0.115672858
"If a Covid-19 vaccine were made available to me this week, I would definitely get it",France,4 - Disagree,0.10817856
"If a Covid-19 vaccine becomes available to me in 2021, I definitely intend to get it",France,4 - Disagree,0.103290974
I believe government health authorities in my country will provide me with an effective Covid-19 vaccine,France,4 - Disagree,0.144346693
I am worried about potential side effects of a Covid-19 vaccine,France,4 - Disagree,0.119257087
I am worried about getting Covid-19,France,4 - Disagree,0.142717498
"If I do not get a Covid-19 vaccine when it is available, I will regret it",France,3 - Neutral,0.233300749
"If a Covid-19 vaccine were made available to me this week, I would definitely get it",France,3 - Neutral,0.174649723
"If a Covid-19 vaccine becomes available to me in 2021, I definitely intend to get it",France,3 - Neutral,0.208211144
I believe government health authorities in my country will provide me with an effective Covid-19 vaccine,France,3 - Neutral,0.315086347
I am worried about potential side effects of a Covid-19 vaccine,France,3 - Neutral,0.186379928
I am worried about getting Covid-19,France,3 - Neutral,0.291951776
"If I do not get a Covid-19 vaccine when it is available, I will regret it",France,2 - Agree,0.11502118
"If a Covid-19 vaccine were made available to me this week, I would definitely get it",France,2 - Agree,0.088954057
"If a Covid-19 vaccine becomes available to me in 2021, I definitely intend to get it",France,2 - Agree,0.143369176
I believe government health authorities in my country will provide me with an effective Covid-19 vaccine,France,2 - Agree,0.189638319
I am worried about potential side effects of a Covid-19 vaccine,France,2 - Agree,0.173346367
I am worried about getting Covid-19,France,2 - Agree,0.185402411
"If I do not get a Covid-19 vaccine when it is available, I will regret it",France,1 - Strongly agree,0.236884979
"If a Covid-19 vaccine were made available to me this week, I would definitely get it",France,1 - Strongly agree,0.271749756
"If a Covid-19 vaccine becomes available to me in 2021, I definitely intend to get it",France,1 - Strongly agree,0.352557836
I believe government health authorities in my country will provide me with an effective Covid-19 vaccine,France,1 - Strongly agree,0.2095145
I am worried about potential side effects of a Covid-19 vaccine,France,1 - Strongly agree,0.410557185
I am worried about getting Covid-19,France,1 - Strongly agree,0.221244705
"If I do not get a Covid-19 vaccine when it is available, I will regret it",Germany,5 - Strongly disagree,0.21029626
"If a Covid-19 vaccine were made available to me this week, I would definitely get it",Germany,5 - Strongly disagree,0.238950947
"If a Covid-19 vaccine becomes available to me in 2021, I definitely intend to get it",Germany,5 - Strongly disagree,0.228751821
I believe government health authorities in my country will provide me with an effective Covid-19 vaccine,Germany,5 - Strongly disagree,0.090820787
I am worried about potential side effects of a Covid-19 vaccine,Germany,5 - Strongly disagree,0.104419621
I am worried about getting Covid-19,Germany,5 - Strongly disagree,0.136959689
"If I do not get a Covid-19 vaccine when it is available, I will regret it",Germany,4 - Disagree,0.078193298
"If a Covid-19 vaccine were made available to me this week, I would definitely get it",Germany,4 - Disagree,0.070422535
"If a Covid-19 vaccine becomes available to me in 2021, I definitely intend to get it",Germany,4 - Disagree,0.07673628
I believe government health authorities in my country will provide me with an effective Covid-19 vaccine,Germany,4 - Disagree,0.070908208
I am worried about potential side effects of a Covid-19 vaccine,Germany,4 - Disagree,0.15541525
I am worried about getting Covid-19,Germany,4 - Disagree,0.169014085
"If I do not get a Covid-19 vaccine when it is available, I will regret it",Germany,3 - Neutral,0.234579893
"If a Covid-19 vaccine were made available to me this week, I would definitely get it",Germany,3 - Neutral,0.166585721
"If a Covid-19 vaccine becomes available to me in 2021, I definitely intend to get it",Germany,3 - Neutral,0.219524041
I believe government health authorities in my country will provide me with an effective Covid-19 vaccine,Germany,3 - Neutral,0.275862069
I am worried about potential side effects of a Covid-19 vaccine,Germany,3 - Neutral,0.225837785
I am worried about getting Covid-19,Germany,3 - Neutral,0.30354541
"If I do not get a Covid-19 vaccine when it is available, I will regret it",Germany,2 - Agree,0.153472559
"If a Covid-19 vaccine were made available to me this week, I would definitely get it",Germany,2 - Agree,0.136474017
"If a Covid-19 vaccine becomes available to me in 2021, I definitely intend to get it",Germany,2 - Agree,0.136474017
I believe government health authorities in my country will provide me with an effective Covid-19 vaccine,Germany,2 - Agree,0.282175814
I am worried about potential side effects of a Covid-19 vaccine,Germany,2 - Agree,0.199611462
I am worried about getting Covid-19,Germany,2 - Agree,0.206410879
"If I do not get a Covid-19 vaccine when it is available, I will regret it",Germany,1 - Strongly agree,0.323457989
"If a Covid-19 vaccine were made available to me this week, I would definitely get it",Germany,1 - Strongly agree,0.38756678
"If a Covid-19 vaccine becomes available to me in 2021, I definitely intend to get it",Germany,1 - Strongly agree,0.338513842
I believe government health authorities in my country will provide me with an effective Covid-19 vaccine,Germany,1 - Strongly agree,0.280233123
I am worried about potential side effects of a Covid-19 vaccine,Germany,1 - Strongly agree,0.314715881
I am worried about getting Covid-19,Germany,1 - Strongly agree,0.184069937
"If I do not get a Covid-19 vaccine when it is available, I will regret it",Italy,5 - Strongly disagree,0.157456724
"If a Covid-19 vaccine were made available to me this week, I would definitely get it",Italy,5 - Strongly disagree,0.185419441
"If a Covid-19 vaccine becomes available to me in 2021, I definitely intend to get it",Italy,5 - Strongly disagree,0.135486019
I believe government health authorities in my country will provide me with an effective Covid-19 vaccine,Italy,5 - Strongly disagree,0.07723036
I am worried about potential side effects of a Covid-19 vaccine,Italy,5 - Strongly disagree,0.151131824
I am worried about getting Covid-19,Italy,5 - Strongly disagree,0.089214381
"If I do not get a Covid-19 vaccine when it is available, I will regret it",Italy,4 - Disagree,0.091211718
"If a Covid-19 vaccine were made available to me this week, I would definitely get it",Italy,4 - Disagree,0.081225033
"If a Covid-19 vaccine becomes available to me in 2021, I definitely intend to get it",Italy,4 - Disagree,0.078561917
I believe government health authorities in my country will provide me with an effective Covid-19 vaccine,Italy,4 - Disagree,0.097869507
I am worried about potential side effects of a Covid-19 vaccine,Italy,4 - Disagree,0.168442077
I am worried about getting Covid-19,Italy,4 - Disagree,0.12150466
"If I do not get a Covid-19 vaccine when it is available, I will regret it",Italy,3 - Neutral,0.233688415
"If a Covid-19 vaccine were made available to me this week, I would definitely get it",Italy,3 - Neutral,0.179094541
"If a Covid-19 vaccine becomes available to me in 2021, I definitely intend to get it",Italy,3 - Neutral,0.158455393
I believe government health authorities in my country will provide me with an effective Covid-19 vaccine,Italy,3 - Neutral,0.277296937
I am worried about potential side effects of a Covid-19 vaccine,Italy,3 - Neutral,0.268641811
I am worried about getting Covid-19,Italy,3 - Neutral,0.322569907
"If I do not get a Covid-19 vaccine when it is available, I will regret it",Italy,2 - Agree,0.141478029
"If a Covid-19 vaccine were made available to me this week, I would definitely get it",Italy,2 - Agree,0.107190413
"If a Covid-19 vaccine becomes available to me in 2021, I definitely intend to get it",Italy,2 - Agree,0.119507324
I believe government health authorities in my country will provide me with an effective Covid-19 vaccine,Italy,2 - Agree,0.242676431
I am worried about potential side effects of a Covid-19 vaccine,Italy,2 - Agree,0.176764314
I am worried about getting Covid-19,Italy,2 - Agree,0.213049268
"If I do not get a Covid-19 vaccine when it is available, I will regret it",Italy,1 - Strongly agree,0.376165113
"If a Covid-19 vaccine were made available to me this week, I would definitely get it",Italy,1 - Strongly agree,0.447070573
"If a Covid-19 vaccine becomes available to me in 2021, I definitely intend to get it",Italy,1 - Strongly agree,0.507989348
I believe government health authorities in my country will provide me with an effective Covid-19 vaccine,Italy,1 - Strongly agree,0.304926764
I am worried about potential side effects of a Covid-19 vaccine,Italy,1 - Strongly agree,0.235019973
I am worried about getting Covid-19,Italy,1 - Strongly agree,0.253661784
"If I do not get a Covid-19 vaccine when it is available, I will regret it",Japan,5 - Strongly disagree,0.071904128
"If a Covid-19 vaccine were made available to me this week, I would definitely get it",Japan,5 - Strongly disagree,0.156458056
"If a Covid-19 vaccine becomes available to me in 2021, I definitely intend to get it",Japan,5 - Strongly disagree,0.08988016
I believe government health authorities in my country will provide me with an effective Covid-19 vaccine,Japan,5 - Strongly disagree,0.064580559
I am worried about potential side effects of a Covid-19 vaccine,Japan,5 - Strongly disagree,0.025299601
I am worried about getting Covid-19,Japan,5 - Strongly disagree,0.03861518
"If I do not get a Covid-19 vaccine when it is available, I will regret it",Japan,4 - Disagree,0.085885486
"If a Covid-19 vaccine were made available to me this week, I would definitely get it",Japan,4 - Disagree,0.137816245
"If a Covid-19 vaccine becomes available to me in 2021, I definitely intend to get it",Japan,4 - Disagree,0.115845539
I believe government health authorities in my country will provide me with an effective Covid-19 vaccine,Japan,4 - Disagree,0.073901465
I am worried about potential side effects of a Covid-19 vaccine,Japan,4 - Disagree,0.064580559
I am worried about getting Covid-19,Japan,4 - Disagree,0.048601864
"If I do not get a Covid-19 vaccine when it is available, I will regret it",Japan,3 - Neutral,0.415446072
"If a Covid-19 vaccine were made available to me this week, I would definitely get it",Japan,3 - Neutral,0.338215712
"If a Covid-19 vaccine becomes available to me in 2021, I definitely intend to get it",Japan,3 - Neutral,0.316910786
I believe government health authorities in my country will provide me with an effective Covid-19 vaccine,Japan,3 - Neutral,0.39081225
I am worried about potential side effects of a Covid-19 vaccine,Japan,3 - Neutral,0.246338216
I am worried about getting Covid-19,Japan,3 - Neutral,0.237683089
"If I do not get a Covid-19 vaccine when it is available, I will regret it",Japan,2 - Agree,0.249667111
"If a Covid-19 vaccine were made available to me this week, I would definitely get it",Japan,2 - Agree,0.186418109
"If a Covid-19 vaccine becomes available to me in 2021, I definitely intend to get it",Japan,2 - Agree,0.226364847
I believe government health authorities in my country will provide me with an effective Covid-19 vaccine,Japan,2 - Agree,0.310918775
I am worried about potential side effects of a Covid-19 vaccine,Japan,2 - Agree,0.310918775
I am worried about getting Covid-19,Japan,2 - Agree,0.264980027
"If I do not get a Covid-19 vaccine when it is available, I will regret it",Japan,1 - Strongly agree,0.177097204
"If a Covid-19 vaccine were made available to me this week, I would definitely get it",Japan,1 - Strongly agree,0.181091877
"If a Covid-19 vaccine becomes available to me in 2021, I definitely intend to get it",Japan,1 - Strongly agree,0.250998668
I believe government health authorities in my country will provide me with an effective Covid-19 vaccine,Japan,1 - Strongly agree,0.159786951
I am worried about potential side effects of a Covid-19 vaccine,Japan,1 - Strongly agree,0.35286285
I am worried about getting Covid-19,Japan,1 - Strongly agree,0.41011984
"If I do not get a Covid-19 vaccine when it is available, I will regret it",Netherlands,5 - Strongly disagree,0.117028271
"If a Covid-19 vaccine were made available to me this week, I would definitely get it",Netherlands,5 - Strongly disagree,0.122287968
"If a Covid-19 vaccine becomes available to me in 2021, I definitely intend to get it",Netherlands,5 - Strongly disagree,0.099276792
I believe government health authorities in my country will provide me with an effective Covid-19 vaccine,Netherlands,5 - Strongly disagree,0.069033531
I am worried about potential side effects of a Covid-19 vaccine,Netherlands,5 - Strongly disagree,0.134122288
I am worried about getting Covid-19,Netherlands,5 - Strongly disagree,0.114398422
"If I do not get a Covid-19 vaccine when it is available, I will regret it",Netherlands,4 - Disagree,0.111768573
"If a Covid-19 vaccine were made available to me this week, I would definitely get it",Netherlands,4 - Disagree,0.079552926
"If a Covid-19 vaccine becomes available to me in 2021, I definitely intend to get it",Netherlands,4 - Disagree,0.08086785
I believe government health authorities in my country will provide me with an effective Covid-19 vaccine,Netherlands,4 - Disagree,0.093359632
I am worried about potential side effects of a Covid-19 vaccine,Netherlands,4 - Disagree,0.207758054
I am worried about getting Covid-19,Netherlands,4 - Disagree,0.186719264
"If I do not get a Covid-19 vaccine when it is available, I will regret it",Netherlands,3 - Neutral,0.239973702
"If a Covid-19 vaccine were made available to me this week, I would definitely get it",Netherlands,3 - Neutral,0.182117028
"If a Covid-19 vaccine becomes available to me in 2021, I definitely intend to get it",Netherlands,3 - Neutral,0.187376726
I believe government health authorities in my country will provide me with an effective Covid-19 vaccine,Netherlands,3 - Neutral,0.27547666
I am worried about potential side effects of a Covid-19 vaccine,Netherlands,3 - Neutral,0.257067719
I am worried about getting Covid-19,Netherlands,3 - Neutral,0.372781065
"If I do not get a Covid-19 vaccine when it is available, I will regret it",Netherlands,2 - Agree,0.169625247
"If a Covid-19 vaccine were made available to me this week, I would definitely get it",Netherlands,2 - Agree,0.120973044
"If a Covid-19 vaccine becomes available to me in 2021, I definitely intend to get it",Netherlands,2 - Agree,0.135437212
I believe government health authorities in my country will provide me with an effective Covid-19 vaccine,Netherlands,2 - Agree,0.257725181
I am worried about potential side effects of a Covid-19 vaccine,Netherlands,2 - Agree,0.201840894
I am worried about getting Covid-19,Netherlands,2 - Agree,0.191978961
"If I do not get a Covid-19 vaccine when it is available, I will regret it",Netherlands,1 - Strongly agree,0.361604208
"If a Covid-19 vaccine were made available to me this week, I would definitely get it",Netherlands,1 - Strongly agree,0.495069034
"If a Covid-19 vaccine becomes available to me in 2021, I definitely intend to get it",Netherlands,1 - Strongly agree,0.49704142
I believe government health authorities in my country will provide me with an effective Covid-19 vaccine,Netherlands,1 - Strongly agree,0.304404997
I am worried about potential side effects of a Covid-19 vaccine,Netherlands,1 - Strongly agree,0.199211045
I am worried about getting Covid-19,Netherlands,1 - Strongly agree,0.134122288
"If I do not get a Covid-19 vaccine when it is available, I will regret it",Norway,5 - Strongly disagree,0.128452579
"If a Covid-19 vaccine were made available to me this week, I would definitely get it",Norway,5 - Strongly disagree,0.169717138
"If a Covid-19 vaccine becomes available to me in 2021, I definitely intend to get it",Norway,5 - Strongly disagree,0.125457571
I believe government health authorities in my country will provide me with an effective Covid-19 vaccine,Norway,5 - Strongly disagree,0.073876872
I am worried about potential side effects of a Covid-19 vaccine,Norway,5 - Strongly disagree,0.124792013
I am worried about getting Covid-19,Norway,5 - Strongly disagree,0.109816972
"If I do not get a Covid-19 vaccine when it is available, I will regret it",Norway,4 - Disagree,0.08985025
"If a Covid-19 vaccine were made available to me this week, I would definitely get it",Norway,4 - Disagree,0.094509151
"If a Covid-19 vaccine becomes available to me in 2021, I definitely intend to get it",Norway,4 - Disagree,0.091181364
I believe government health authorities in my country will provide me with an effective Covid-19 vaccine,Norway,4 - Disagree,0.09484193
I am worried about potential side effects of a Covid-19 vaccine,Norway,4 - Disagree,0.185024958
I am worried about getting Covid-19,Norway,4 - Disagree,0.182362729
"If I do not get a Covid-19 vaccine when it is available, I will regret it",Norway,3 - Neutral,0.234608985
"If a Covid-19 vaccine were made available to me this week, I would definitely get it",Norway,3 - Neutral,0.180698835
"If a Covid-19 vaccine becomes available to me in 2021, I definitely intend to get it",Norway,3 - Neutral,0.183361065
I believe government health authorities in my country will provide me with an effective Covid-19 vaccine,Norway,3 - Neutral,0.232612313
I am worried about potential side effects of a Covid-19 vaccine,Norway,3 - Neutral,0.251580699
I am worried about getting Covid-19,Norway,3 - Neutral,0.291181364
"If I do not get a Covid-19 vaccine when it is available, I will regret it",Norway,2 - Agree,0.147753744
"If a Covid-19 vaccine were made available to me this week, I would definitely get it",Norway,2 - Agree,0.102828619
"If a Covid-19 vaccine becomes available to me in 2021, I definitely intend to get it",Norway,2 - Agree,0.127454243
I believe government health authorities in my country will provide me with an effective Covid-19 vaccine,Norway,2 - Agree,0.235607321
I am worried about potential side effects of a Covid-19 vaccine,Norway,2 - Agree,0.19733777
I am worried about getting Covid-19,Norway,2 - Agree,0.210648918
"If I do not get a Covid-19 vaccine when it is available, I will regret it",Norway,1 - Strongly agree,0.399334443
"If a Covid-19 vaccine were made available to me this week, I would definitely get it",Norway,1 - Strongly agree,0.452246256
"If a Covid-19 vaccine becomes available to me in 2021, I definitely intend to get it",Norway,1 - Strongly agree,0.472545757
I believe government health authorities in my country will provide me with an effective Covid-19 vaccine,Norway,1 - Strongly agree,0.363061564
I am worried about potential side effects of a Covid-19 vaccine,Norway,1 - Strongly agree,0.241264559
I am worried about getting Covid-19,Norway,1 - Strongly agree,0.205990017
"If I do not get a Covid-19 vaccine when it is available, I will regret it",Singapore,5 - Strongly disagree,0.114227435
"If a Covid-19 vaccine were made available to me this week, I would definitely get it",Singapore,5 - Strongly disagree,0.148393677
"If a Covid-19 vaccine becomes available to me in 2021, I definitely intend to get it",Singapore,5 - Strongly disagree,0.081591025
I believe government health authorities in my country will provide me with an effective Covid-19 vaccine,Singapore,5 - Strongly disagree,0.033146354
I am worried about potential side effects of a Covid-19 vaccine,Singapore,5 - Strongly disagree,0.039265681
I am worried about getting Covid-19,Singapore,5 - Strongly disagree,0.068842427
"If I do not get a Covid-19 vaccine when it is available, I will regret it",Singapore,4 - Disagree,0.145843957
"If a Covid-19 vaccine were made available to me this week, I would definitely get it",Singapore,4 - Disagree,0.160122387
"If a Covid-19 vaccine becomes available to me in 2021, I definitely intend to get it",Singapore,4 - Disagree,0.104538501
I believe government health authorities in my country will provide me with an effective Covid-19 vaccine,Singapore,4 - Disagree,0.064762876
I am worried about potential side effects of a Covid-19 vaccine,Singapore,4 - Disagree,0.083120857
I am worried about getting Covid-19,Singapore,4 - Disagree,0.135135135
"If I do not get a Covid-19 vaccine when it is available, I will regret it",Singapore,3 - Neutral,0.40336563
"If a Covid-19 vaccine were made available to me this week, I would definitely get it",Singapore,3 - Neutral,0.351351351
"If a Covid-19 vaccine becomes available to me in 2021, I definitely intend to get it",Singapore,3 - Neutral,0.312595614
I believe government health authorities in my country will provide me with an effective Covid-19 vaccine,Singapore,3 - Neutral,0.293217746
I am worried about potential side effects of a Covid-19 vaccine,Singapore,3 - Neutral,0.230494646
I am worried about getting Covid-19,Singapore,3 - Neutral,0.286588475
"If I do not get a Covid-19 vaccine when it is available, I will regret it",Singapore,2 - Agree,0.198878123
"If a Covid-19 vaccine were made available to me this week, I would definitely get it",Singapore,2 - Agree,0.156042835
"If a Covid-19 vaccine becomes available to me in 2021, I definitely intend to get it",Singapore,2 - Agree,0.227434982
I believe government health authorities in my country will provide me with an effective Covid-19 vaccine,Singapore,2 - Agree,0.341152473
I am worried about potential side effects of a Covid-19 vaccine,Singapore,2 - Agree,0.289648139
I am worried about getting Covid-19,Singapore,2 - Agree,0.266190719
"If I do not get a Covid-19 vaccine when it is available, I will regret it",Singapore,1 - Strongly agree,0.137684855
"If a Covid-19 vaccine were made available to me this week, I would definitely get it",Singapore,1 - Strongly agree,0.18408975
"If a Covid-19 vaccine becomes available to me in 2021, I definitely intend to get it",Singapore,1 - Strongly agree,0.273839878
I believe government health authorities in my country will provide me with an effective Covid-19 vaccine,Singapore,1 - Strongly agree,0.267720551
I am worried about potential side effects of a Covid-19 vaccine,Singapore,1 - Strongly agree,0.357470678
I am worried about getting Covid-19,Singapore,1 - Strongly agree,0.243243243
"If I do not get a Covid-19 vaccine when it is available, I will regret it",South Korea,5 - Strongly disagree,0.055214724
"If a Covid-19 vaccine were made available to me this week, I would definitely get it",South Korea,5 - Strongly disagree,0.106339468
"If a Covid-19 vaccine becomes available to me in 2021, I definitely intend to get it",South Korea,5 - Strongly disagree,0.078732106
I believe government health authorities in my country will provide me with an effective Covid-19 vaccine,South Korea,5 - Strongly disagree,0.057259714
I am worried about potential side effects of a Covid-19 vaccine,South Korea,5 - Strongly disagree,0.039877301
I am worried about getting Covid-19,South Korea,5 - Strongly disagree,0.050102249
"If I do not get a Covid-19 vaccine when it is available, I will regret it",South Korea,4 - Disagree,0.13803681
"If a Covid-19 vaccine were made available to me this week, I would definitely get it",South Korea,4 - Disagree,0.178936605
"If a Covid-19 vaccine becomes available to me in 2021, I definitely intend to get it",South Korea,4 - Disagree,0.118609407
I believe government health authorities in my country will provide me with an effective Covid-19 vaccine,South Korea,4 - Disagree,0.121676892
I am worried about potential side effects of a Covid-19 vaccine,South Korea,4 - Disagree,0.123721881
I am worried about getting Covid-19,South Korea,4 - Disagree,0.121676892
"If I do not get a Covid-19 vaccine when it is available, I will regret it",South Korea,3 - Neutral,0.329243354
"If a Covid-19 vaccine were made available to me this week, I would definitely get it",South Korea,3 - Neutral,0.27198364
"If a Covid-19 vaccine becomes available to me in 2021, I definitely intend to get it",South Korea,3 - Neutral,0.275051125
I believe government health authorities in my country will provide me with an effective Covid-19 vaccine,South Korea,3 - Neutral,0.307770961
I am worried about potential side effects of a Covid-19 vaccine,South Korea,3 - Neutral,0.296523517
I am worried about getting Covid-19,South Korea,3 - Neutral,0.252556237
"If I do not get a Covid-19 vaccine when it is available, I will regret it",South Korea,2 - Agree,0.248466258
"If a Covid-19 vaccine were made available to me this week, I would definitely get it",South Korea,2 - Agree,0.209611452
"If a Covid-19 vaccine becomes available to me in 2021, I definitely intend to get it",South Korea,2 - Agree,0.199386503
I believe government health authorities in my country will provide me with an effective Covid-19 vaccine,South Korea,2 - Agree,0.282208589
I am worried about potential side effects of a Covid-19 vaccine,South Korea,2 - Agree,0.294478528
I am worried about getting Covid-19,South Korea,2 - Agree,0.285276074
"If I do not get a Covid-19 vaccine when it is available, I will regret it",South Korea,1 - Strongly agree,0.229038855
"If a Covid-19 vaccine were made available to me this week, I would definitely get it",South Korea,1 - Strongly agree,0.233128834
"If a Covid-19 vaccine becomes available to me in 2021, I definitely intend to get it",South Korea,1 - Strongly agree,0.328220859
I believe government health authorities in my country will provide me with an effective Covid-19 vaccine,South Korea,1 - Strongly agree,0.231083845
I am worried about potential side effects of a Covid-19 vaccine,South Korea,1 - Strongly agree,0.245398773
I am worried about getting Covid-19,South Korea,1 - Strongly agree,0.290388548
"If I do not get a Covid-19 vaccine when it is available, I will regret it",Spain,5 - Strongly disagree,0.178191489
"If a Covid-19 vaccine were made available to me this week, I would definitely get it",Spain,5 - Strongly disagree,0.170212766
"If a Covid-19 vaccine becomes available to me in 2021, I definitely intend to get it",Spain,5 - Strongly disagree,0.121010638
I believe government health authorities in my country will provide me with an effective Covid-19 vaccine,Spain,5 - Strongly disagree,0.086103723
I am worried about potential side effects of a Covid-19 vaccine,Spain,5 - Strongly disagree,0.097739362
I am worried about getting Covid-19,Spain,5 - Strongly disagree,0.068484043
"If I do not get a Covid-19 vaccine when it is available, I will regret it",Spain,4 - Disagree,0.095744681
"If a Covid-19 vaccine were made available to me this week, I would definitely get it",Spain,4 - Disagree,0.090093085
"If a Covid-19 vaccine becomes available to me in 2021, I definitely intend to get it",Spain,4 - Disagree,0.078789894
I believe government health authorities in my country will provide me with an effective Covid-19 vaccine,Spain,4 - Disagree,0.095079787
I am worried about potential side effects of a Covid-19 vaccine,Spain,4 - Disagree,0.121343085
I am worried about getting Covid-19,Spain,4 - Disagree,0.07912234
"If I do not get a Covid-19 vaccine when it is available, I will regret it",Spain,3 - Neutral,0.238031915
"If a Covid-19 vaccine were made available to me this week, I would definitely get it",Spain,3 - Neutral,0.202792553
"If a Covid-19 vaccine becomes available to me in 2021, I definitely intend to get it",Spain,3 - Neutral,0.177194149
I believe government health authorities in my country will provide me with an effective Covid-19 vaccine,Spain,3 - Neutral,0.278922872
I am worried about potential side effects of a Covid-19 vaccine,Spain,3 - Neutral,0.222406915
I am worried about getting Covid-19,Spain,3 - Neutral,0.184507979
"If I do not get a Covid-19 vaccine when it is available, I will regret it",Spain,2 - Agree,0.140292553
"If a Covid-19 vaccine were made available to me this week, I would definitely get it",Spain,2 - Agree,0.111369681
"If a Covid-19 vaccine becomes available to me in 2021, I definitely intend to get it",Spain,2 - Agree,0.124335106
I believe government health authorities in my country will provide me with an effective Covid-19 vaccine,Spain,2 - Agree,0.234707447
I am worried about potential side effects of a Covid-19 vaccine,Spain,2 - Agree,0.194148936
I am worried about getting Covid-19,Spain,2 - Agree,0.201795213
"If I do not get a Covid-19 vaccine when it is available, I will regret it",Spain,1 - Strongly agree,0.347739362
"If a Covid-19 vaccine were made available to me this week, I would definitely get it",Spain,1 - Strongly agree,0.425531915
"If a Covid-19 vaccine becomes available to me in 2021, I definitely intend to get it",Spain,1 - Strongly agree,0.498670213
I believe government health authorities in my country will provide me with an effective Covid-19 vaccine,Spain,1 - Strongly agree,0.30518617
I am worried about potential side effects of a Covid-19 vaccine,Spain,1 - Strongly agree,0.364361702
I am worried about getting Covid-19,Spain,1 - Strongly agree,0.466090426
"If I do not get a Covid-19 vaccine when it is available, I will regret it",Sweden,5 - Strongly disagree,0.140765391
"If a Covid-19 vaccine were made available to me this week, I would definitely get it",Sweden,5 - Strongly disagree,0.177371048
"If a Covid-19 vaccine becomes available to me in 2021, I definitely intend to get it",Sweden,5 - Strongly disagree,0.121797005
I believe government health authorities in my country will provide me with an effective Covid-19 vaccine,Sweden,5 - Strongly disagree,0.077204659
I am worried about potential side effects of a Covid-19 vaccine,Sweden,5 - Strongly disagree,0.139101498
I am worried about getting Covid-19,Sweden,5 - Strongly disagree,0.139101498
"If I do not get a Covid-19 vaccine when it is available, I will regret it",Sweden,4 - Disagree,0.088186356
"If a Covid-19 vaccine were made available to me this week, I would definitely get it",Sweden,4 - Disagree,0.085191348
"If a Covid-19 vaccine becomes available to me in 2021, I definitely intend to get it",Sweden,4 - Disagree,0.079866889
I believe government health authorities in my country will provide me with an effective Covid-19 vaccine,Sweden,4 - Disagree,0.103494176
I am worried about potential side effects of a Covid-19 vaccine,Sweden,4 - Disagree,0.193011647
I am worried about getting Covid-19,Sweden,4 - Disagree,0.178702163
"If I do not get a Covid-19 vaccine when it is available, I will regret it",Sweden,3 - Neutral,0.235607321
"If a Covid-19 vaccine were made available to me this week, I would definitely get it",Sweden,3 - Neutral,0.169051581
"If a Covid-19 vaccine becomes available to me in 2021, I definitely intend to get it",Sweden,3 - Neutral,0.17437604
I believe government health authorities in my country will provide me with an effective Covid-19 vaccine,Sweden,3 - Neutral,0.283194676
I am worried about potential side effects of a Covid-19 vaccine,Sweden,3 - Neutral,0.238935108
I am worried about getting Covid-19,Sweden,3 - Neutral,0.293843594
"If I do not get a Covid-19 vaccine when it is available, I will regret it",Sweden,2 - Agree,0.137437604
"If a Covid-19 vaccine were made available to me this week, I would definitely get it",Sweden,2 - Agree,0.093510815
"If a Covid-19 vaccine becomes available to me in 2021, I definitely intend to get it",Sweden,2 - Agree,0.114475874
I believe government health authorities in my country will provide me with an effective Covid-19 vaccine,Sweden,2 - Agree,0.232279534
I am worried about potential side effects of a Covid-19 vaccine,Sweden,2 - Agree,0.169051581
I am worried about getting Covid-19,Sweden,2 - Agree,0.194675541
"If I do not get a Covid-19 vaccine when it is available, I will regret it",Sweden,1 - Strongly agree,0.398003328
"If a Covid-19 vaccine were made available to me this week, I would definitely get it",Sweden,1 - Strongly agree,0.474875208
"If a Covid-19 vaccine becomes available to me in 2021, I definitely intend to get it",Sweden,1 - Strongly agree,0.509484193
I believe government health authorities in my country will provide me with an effective Covid-19 vaccine,Sweden,1 - Strongly agree,0.303826955
I am worried about potential side effects of a Covid-19 vaccine,Sweden,1 - Strongly agree,0.259900166
I am worried about getting Covid-19,Sweden,1 - Strongly agree,0.193677205
"If I do not get a Covid-19 vaccine when it is available, I will regret it",United Kingdom,5 - Strongly disagree,0.082889481
"If a Covid-19 vaccine were made available to me this week, I would definitely get it",United Kingdom,5 - Strongly disagree,0.094540613
"If a Covid-19 vaccine becomes available to me in 2021, I definitely intend to get it",United Kingdom,5 - Strongly disagree,0.070905459
I believe government health authorities in my country will provide me with an effective Covid-19 vaccine,United Kingdom,5 - Strongly disagree,0.045605859
I am worried about potential side effects of a Covid-19 vaccine,United Kingdom,5 - Strongly disagree,0.24334221
I am worried about getting Covid-19,United Kingdom,5 - Strongly disagree,0.102197071
"If I do not get a Covid-19 vaccine when it is available, I will regret it",United Kingdom,4 - Disagree,0.060585885
"If a Covid-19 vaccine were made available to me this week, I would definitely get it",United Kingdom,4 - Disagree,0.045605859
"If a Covid-19 vaccine becomes available to me in 2021, I definitely intend to get it",United Kingdom,4 - Disagree,0.036284953
I believe government health authorities in my country will provide me with an effective Covid-19 vaccine,United Kingdom,4 - Disagree,0.06391478
I am worried about potential side effects of a Covid-19 vaccine,United Kingdom,4 - Disagree,0.252996005
I am worried about getting Covid-19,United Kingdom,4 - Disagree,0.140146471
"If I do not get a Covid-19 vaccine when it is available, I will regret it",United Kingdom,3 - Neutral,0.151797603
"If a Covid-19 vaccine were made available to me this week, I would definitely get it",United Kingdom,3 - Neutral,0.094540613
"If a Covid-19 vaccine becomes available to me in 2021, I definitely intend to get it",United Kingdom,3 - Neutral,0.097536618
I believe government health authorities in my country will provide me with an effective Covid-19 vaccine,United Kingdom,3 - Neutral,0.202729694
I am worried about potential side effects of a Covid-19 vaccine,United Kingdom,3 - Neutral,0.214047936
I am worried about getting Covid-19,United Kingdom,3 - Neutral,0.280292943
"If I do not get a Covid-19 vaccine when it is available, I will regret it",United Kingdom,2 - Agree,0.151464714
"If a Covid-19 vaccine were made available to me this week, I would definitely get it",United Kingdom,2 - Agree,0.08355526
"If a Covid-19 vaccine becomes available to me in 2021, I definitely intend to get it",United Kingdom,2 - Agree,0.085885486
I believe government health authorities in my country will provide me with an effective Covid-19 vaccine,United Kingdom,2 - Agree,0.30758988
I am worried about potential side effects of a Covid-19 vaccine,United Kingdom,2 - Agree,0.14713715
I am worried about getting Covid-19,United Kingdom,2 - Agree,0.231358189
"If I do not get a Covid-19 vaccine when it is available, I will regret it",United Kingdom,1 - Strongly agree,0.553262317
"If a Covid-19 vaccine were made available to me this week, I would definitely get it",United Kingdom,1 - Strongly agree,0.681757656
"If a Covid-19 vaccine becomes available to me in 2021, I definitely intend to get it",United Kingdom,1 - Strongly agree,0.709387483
I believe government health authorities in my country will provide me with an effective Covid-19 vaccine,United Kingdom,1 - Strongly agree,0.380159787
I am worried about potential side effects of a Covid-19 vaccine,United Kingdom,1 - Strongly agree,0.142476698
I am worried about getting Covid-19,United Kingdom,1 - Strongly agree,0.246005326
